hotel_name,tripadvisor_url
AVA Resort Cancun,https://www.tripadvisor.com/Hotel_Review-g150807-d27671171-Reviews-AVA_Resort_Cancun-Cancun_Yucatan_Peninsula.html
Adults Only Club at Lopesan Costa Bavaro,https://www.tripadvisor.com/Hotel_Review-g3176298-d25269002-Reviews-Adults_Only_Club_At_Lopesan_Costa_Bavaro_Resort-Bavaro_Punta_Cana_La_Altagracia_Prov.html
Akumal Bay Beach and Spa Resort,https://www.tripadvisor.com/Hotel_Review-g499445-d249916-Reviews-Akumal_Bay_Beach_Wellness_Resort-Akumal_Tulum_Yucatan_Peninsula.html
All Ritmo Cancun Resort and Waterpark,https://www.tripadvisor.com/Hotel_Review-g150807-d154427-Reviews-All_Ritmo_Cancun_Resort_Waterpark-Cancun_Yucatan_Peninsula.html
Allegro Cozumel,https://www.tripadvisor.com/Hotel_Review-g150809-d1191402-Reviews-Allegro_Cozumel-Cozumel_Yucatan_Peninsula.html
Allegro Playacar,https://www.tripadvisor.com/Hotel_Review-g150812-d153965-Reviews-Allegro_Playacar-Playa_del_Carmen_Yucatan_Peninsula.html
Armony Marival Resort and Spa - MGallery,https://www.tripadvisor.com/Hotel_Review-g27998961-d17464564-Reviews-Armony_Marival_Resort_Spa_Punta_de_Mita_MGallery_Collection-Punta_del_Burro_Bahia_d.html?
Atelier Playa Mujeres,https://www.tripadvisor.com/Hotel_Review-g1229340-d15144755-Reviews-Atelier_Playa_Mujeres-Playa_Mujeres_Costa_Mujeres_Yucatan_Peninsula.html
Azul Beach Resort Negril,https://www.tripadvisor.com/Hotel_Review-g147313-d5039969-Reviews-Azul_Beach_Resort_Negril_by_Karisma-Negril_Westmoreland_Parish_Jamaica.html
Azura Beach Resort Samara,https://www.tripadvisor.com/Hotel_Review-g196677-d34218339-Reviews-Surplage_Hotel_Cavaliere-Le_Lavandou_French_Riviera_Cote_d_Azur_Provence_Alpes_Cote_d.html
Bahia Principe Fantasia Punta Cana,https://www.tripadvisor.com/Hotel_Review-g3176298-d10472272-Reviews-Bahia_Principe_Fantasia_Punta_Cana-Bavaro_Punta_Cana_La_Altagracia_Province_Dominica.html
Bahia Principe Grand Aquamarine - Adults only,https://www.tripadvisor.com/Hotel_Review-g147293-d10595200-Reviews-Bahia_Principe_Grand_Aquamarine-Punta_Cana_La_Altagracia_Province_Dominican_Republic.html
Bahia Principe Grand Coba,https://www.tripadvisor.com/Hotel_Review-g1825681-d593981-Reviews-Grand_Bahia_Principe_Coba-Chacalal_Yucatan_Peninsula.html
Bahia Principe Grand El Portillo,https://www.tripadvisor.com/Hotel_Review-g259440-d149384-Reviews-Bahia_Principe_Grand_El_Portillo-Las_Terrenas_Samana_Province_Dominican_Republic.html
Bahia Principe Grand La Romana,https://www.tripadvisor.com/Hotel_Review-g10293056-d218528-Reviews-Bahia_Principe_Grand_La_Romana-El_Soco_San_Pedro_de_Macoris_San_Pedro_de_Macoris_Prov.html
Bahia Principe Grand Punta Cana,https://www.tripadvisor.ca/Hotel_Review-g147293-d1163894-Reviews-Bahia_Principe_Grand_Punta_Cana-Punta_Cana_La_Altagracia_Province_Dominican_Republic.html
Bahia Principe Grand Samana - Adults Only,https://www.tripadvisor.com/Hotel_Review-g8671833-d1784565-Reviews-Bahia_Principe_Grand_Samana-Punta_Balandra_Samana_Province_Dominican_Republic.html
Bahia Principe Grand Turquesa,https://www.tripadvisor.com/Hotel_Review-g147293-d943738-Reviews-Bahia_Principe_Grand_Turquesa-Punta_Cana_La_Altagracia_Province_Dominican_Republic.html
Bahia Principe Luxury Ambar,https://www.tripadvisor.com/Hotel_Review-g147293-d1199681-Reviews-Bahia_Principe_Luxury_Ambar_Adults_Only_All_Inclusive-Punta_Cana_La_Altagracia_Provinc.html
Bahia Principe Luxury Bouganville,https://www.tripadvisor.com/Hotel_Review-g10293056-d3746563-Reviews-Bahia_Principe_Luxury_Bouganville-El_Soco_San_Pedro_de_Macoris_San_Pedro_de_Macoris_.html
Bahia Principe Luxury Esmeralda,https://www.tripadvisor.com/Hotel_Review-g147293-d1595124-Reviews-Bahia_Principe_Luxury_Esmeralda_All_Inclusive-Punta_Cana_La_Altagracia_Province_Domini.html
Bahia Principe Luxury Runaway Bay,https://www.tripadvisor.com/Hotel_Review-g147317-d3746481-Reviews-Bahia_Principe_Luxury_Runaway_Bay-Runaway_Bay_Saint_Ann_Parish_Jamaica.html
Bahia Principe Luxury Sian Ka'an,https://www.tripadvisor.com/Hotel_Review-g499445-d1163247-Reviews-Bahia_Principe_Luxury_Sian_Ka_an-Akumal_Tulum_Yucatan_Peninsula.html
Bakour Punta Cana Suites,https://www.tripadvisor.com/Hotel_Review-g147293-d32842808-Reviews-Bakour_Punta_Cana_Suites-Punta_Cana_La_Altagracia_Province_Dominican_Republic.html
Barbados Beach Club,https://www.tripadvisor.com/Hotel_Review-g147266-d150711-Reviews-Barbados_Beach_Club-Christ_Church_Parish_Barbados.html
Barcelo Bavaro Beach,https://www.tripadvisor.com/Hotel_Review-g3176298-d149213-Reviews-Barcelo_Bavaro_Beach-Bavaro_Punta_Cana_La_Altagracia_Province_Dominican_Republic.html
Barcelo Bavaro Palace,https://www.tripadvisor.com/Hotel_Review-g3176298-d1673192-Reviews-Barcelo_Bavaro_Palace-Bavaro_Punta_Cana_La_Altagracia_Province_Dominican_Republic.html
Barcelo Gran Faro Los Cabos,https://www.tripadvisor.com/Hotel_Review-g152516-d225504-Reviews-GR_Solaris_Lighthouse_Los_Cabos-San_Jose_del_Cabo_Los_Cabos_Baja_California.html?
Barcelo Huatulco,https://www.tripadvisor.com/Hotel_Review-g2535585-d152274-Reviews-Barcelo_Huatulco-Tangolunda_Huatulco_Southern_Mexico.html
Barcelo Maya Beach,https://www.tripadvisor.com/Hotel_Review-g27717290-d17424258-Reviews-Barcelo_Maya_Riviera-Barcelo_Maya_Solidaridad_Yucatan_Peninsula.html
Barcelo Solymar,https://www.tripadvisor.com/Hotel_Review-g147275-d254482-Reviews-Barcelo_Solymar-Varadero_Matanzas_Province_Cuba.html
Be Live Experience Varadero,https://www.tripadvisor.com/Hotel_Review-g147275-d249818-Reviews-Be_Live_Experience_Varadero-Varadero_Matanzas_Province_Cuba.html
Beaches Negril Resort and Spa,https://www.tripadvisor.com/Hotel_Review-g147313-d214530-Reviews-or5840-Beaches_Negril_Resort_Spa-Negril_Westmoreland_Parish_Jamaica.html
Bel Jou Hotel,https://www.tripadvisor.com/Hotel_Review-g147343-d1061850-Reviews-Bel_Jou_Hotel_St_Lucia-Castries_Castries_Quarter_St_Lucia.html
Binniguenda Huatulco,https://www.tripadvisor.com/Hotel_Review-g150789-d152600-Reviews-Binniguenda_Huatulco-Huatulco_Southern_Mexico.html
Blue Diamond Luxury Boutique Hotel,https://www.tripadvisor.com/Hotel_Review-g150812-d2514172-Reviews-Blue_Diamond_Luxury_Boutique_Hotel-Playa_del_Carmen_Yucatan_Peninsula.html?
Bluebay Grand Esmeralda,https://www.tripadvisor.com/Hotel_Review-g150812-d650492-Reviews-BlueBay_Grand_Esmeralda-Playa_del_Carmen_Yucatan_Peninsula.html
Bluebay Villas Doradas,https://www.tripadvisor.com/Hotel_Review-g147290-d150887-Reviews-BlueBay_Villas_Doradas-Puerto_Plata_Puerto_Plata_Province_Dominican_Republic.html
Breathless Cancun Soul Resort and Spa,https://www.tripadvisor.ca/Hotel_Review-g150807-d23760011-Reviews-Breathless_Cancun_Soul_Resort_Spa-Cancun_Yucatan_Peninsula.html
Breathless Punta Cana Resort And Spa,https://www.tripadvisor.com/Hotel_Review-g147293-d4459010-Reviews-Breathless_Punta_Cana_Resort_Spa-Punta_Cana_La_Altagracia_Province_Dominican_Republic.html
Breathless Riviera Cancun Rst and Spa,https://www.tripadvisor.com/Hotel_Review-g23498961-d9698509-Reviews-Breathless_Riviera_Cancun_Resort_Spa-Caracol_Puerto_Morelos_Yucatan_Peninsula.html
Breezes Resort,https://www.tripadvisor.com/Hotel_Review-g147416-d147627-Reviews-Breezes_Resort_Spa_All_Inclusive-Nassau_New_Providence_Island_Bahamas.html
Buenaventura Grand Hotel and Great Moments,https://www.tripadvisor.com/Hotel_Review-g150793-d152380-Reviews-or1275-Buenaventura_Grand_Hotel_Great_Moments_All_Inclusive-Puerto_Vallarta.html
CC Beach Front Papagayo,https://www.tripadvisor.com/Hotel_Review-g635536-d580778-Reviews-CC_Beach_Front_Papagayo-Playa_Panama_Gulf_of_Papagayo_Province_of_Guanacaste.html
COSTA CLUB PUNTA ARENA,https://www.tripadvisor.com/Hotel_Review-g150793-d284329-Reviews-Costa_Club_Punta_Arena-Puerto_Vallarta.html
COZUMEL HOTEL AND RESORT,https://www.tripadvisor.com/Hotel_Review-g150809-d153308-Reviews-Cozumel_Hotel_Resort-Cozumel_Yucatan_Peninsula.html
Camino Real Zaashila,https://www.tripadvisor.com/Hotel_Review-g2535585-d156769-Reviews-Camino_Real_Zaashila_Huatulco-Tangolunda_Huatulco_Southern_Mexico.html
Canto del Sol Puerto Vallarta All Inclusive,https://www.tripadvisor.com/Hotel_Review-g150793-d288532-Reviews-Canto_del_Sol_Puerto_Vallarta-Puerto_Vallarta.html
Caribe Deluxe Princess,https://www.tripadvisor.com/Hotel_Review-g3176298-d292867-Reviews-Caribe_Deluxe_Princess-Bavaro_Punta_Cana_La_Altagracia_Province_Dominican_Republic.html
Casa De Campo Resort and Villas,https://www.tripadvisor.com/Hotel_Review-g147292-d149217-Reviews-Casa_de_Campo_Resort_Villas-La_Romana_La_Romana_Province_Dominican_Republic.html
Casa Marina Sosua Trademark by Wyndham All Inclusive,https://www.tripadvisor.ca/Hotel_Review-g317146-d209586-Reviews-Casa_Marina_Sosua_Trademark_by_Wyndham_All_Inclusive-Sosua_Puerto_Plata_Province_Domini.html
Catalonia Bavaro Beach and Golf Resort,https://www.tripadvisor.com/Hotel_Review-g147293-d218482-Reviews-Catalonia_Bavaro_Beach_Golf_And_Casino_Resort-Punta_Cana_La_Altagracia_Province_Dominic.html
Catalonia Bayahibe,https://www.tripadvisor.com/Hotel_Review-g663484-d263551-Reviews-Catalonia_Bayahibe-Bayahibe_La_Altagracia_Province_Dominican_Republic.html
Catalonia Grand Costa Mujeres All Suites & Spa,https://www.tripadvisor.ca/Hotel_Review-g1229340-d18931134-Reviews-Catalonia_Grand_Costa_Mujeres-Playa_Mujeres_Costa_Mujeres_Yucatan_Peninsula.html
Catalonia Playa Maroma,https://www.tripadvisor.com/Hotel_Review-g4053317-d285111-Reviews-Catalonia_Playa_Maroma-Playa_Maroma_Playa_del_Carmen_Yucatan_Peninsula.html
Catalonia Riviera Maya,https://www.tripadvisor.com/Hotel_Review-g153510-d240507-Reviews-Catalonia_Riviera_Maya-Puerto_Aventuras_Yucatan_Peninsula.html
Catalonia Royal Bavaro,https://www.tripadvisor.com/Hotel_Review-g147293-d611703-Reviews-Catalonia_Royal_Bavaro-Punta_Cana_La_Altagracia_Province_Dominican_Republic.html
Catalonia Royal La Romana,https://www.tripadvisor.com/Hotel_Review-g23594254-d27102009-Reviews-Catalonia_Royal_La_Romana_Adults_Only-Dominicus_Bayahibe_La_Altagracia_Province_Dom.html?
Catalonia Royal Tulum Beach & Spa,https://www.tripadvisor.com/Hotel_Review-g499455-d220209-Reviews-Catalonia_Royal_Tulum-Xpu_Ha_Yucatan_Peninsula.html?
Catalonia Yucatan Beach,https://www.tripadvisor.com/Hotel_Review-g153510-d680158-Reviews-Catalonia_Yucatan_Beach-Puerto_Aventuras_Yucatan_Peninsula.html
Cayo Levantado Resort,https://www.tripadvisor.com/Hotel_Review-g12296642-d25267098-Reviews-Cayo_Levantado_Resort-Cayo_Levantado_Samana_Province_Dominican_Republic.html
Cofresi Palm Beach Resort and Spa,https://www.tripadvisor.com/Hotel_Review-g147290-d218484-Reviews-Cofresi_Palm_Beach_Spa_Resort-Puerto_Plata_Puerto_Plata_Province_Dominican_Republic.html
Coral Costa Caribe Resort,https://www.tripadvisor.com/Hotel_Review-g317145-d207897-Reviews-Coral_Costa_Caribe_Beach_Resort-Juan_Dolio_San_Pedro_de_Macoris_Province_Dominican_Repu.html
Corendon Mangrove Beach Resort,https://www.tripadvisor.com/Hotel_Review-g147278-d19849230-Reviews-Mangrove_Beach_Corendon_Curacao_All_Inclusive_Resort_Curio_by_Hilton-Willemstad_Curac.html
Couples Negril,https://www.tripadvisor.com/Hotel_Review-g147313-d148625-Reviews-Couples_Resorts_Negril-Negril_Westmoreland_Parish_Jamaica.html
Couples Sans Souci,https://www.tripadvisor.com/Hotel_Review-g147312-d251578-Reviews-Couples_Sans_Souci-Ocho_Rios_Saint_Ann_Parish_Jamaica.html
Couples Swept Away,https://www.tripadvisor.com/Hotel_Review-g147313-d147502-Reviews-Couples_Swept_Away-Negril_Westmoreland_Parish_Jamaica.html
Couples Tower Isle,https://www.tripadvisor.com/Restaurant_Review-g147312-d20202108-Reviews-Couples_Tower_Isle-Ocho_Rios_Saint_Ann_Parish_Jamaica.html
Crown Paradise Club Cancun,https://www.tripadvisor.com/Hotel_Review-g150807-d155814-Reviews-Crown_Paradise_Club_Cancun-Cancun_Yucatan_Peninsula.html
Crown Paradise Club Puerto Vallarta,https://www.tripadvisor.com/Hotel_Review-g150793-d154772-Reviews-Crown_Paradise_Club_All_Inclusive_Resort_Puerto_Vallarta-Puerto_Vallarta.html
Crown Paradise Golden Puerto Vallarta,https://www.tripadvisor.com/Hotel_Review-g150793-d155752-Reviews-Crown_Paradise_Golden_Puerto_Vallarta-Puerto_Vallarta.html
"Decameron Isla Coral Guayabitos, Ramada",https://www.tripadvisor.com/Hotel_Review-g552078-d19862979-Reviews-Decameron_Isla_Coral_Guayabitos_Ramada_All_Inclusive_Resort-Rincon_de_Guayabitos_Paci.html
Decameron La Marina Guayabitos Ramada,https://www.tripadvisor.com/Hotel_Review-g552078-d19888521-Reviews-Decameron_La_Marina_Guayabitos_Ramada_All_inclusive_Resort-Rincon_de_Guayabitos_Pacif.html
Decameron Los Cocos Guayabitos Ramada,https://www.tripadvisor.com/Hotel_Review-g552078-d285107-Reviews-Decameron_Los_Cocos_Guayabitos_Ramada_All_inclusive_Resort-Rincon_de_Guayabitos_Pacific.html
Delta Hotels Riviera Nayarit,https://www.tripadvisor.com/Hotel_Review-g1026781-d23624452-Reviews-Delta_Hotels_By_Marriott_Riviera_Nayarit_An_All_inclusive_Resort-La_Cruz_de_Huanacax.html?
Dreams Aventuras Riviera Maya,https://www.tripadvisor.com/Hotel_Review-g153510-d530105-Reviews-Dreams_Aventuras_Riviera_Maya-Puerto_Aventuras_Yucatan_Peninsula.html
Dreams Bahia Mita Surf & Spa Resort,https://www.tripadvisor.com/Hotel_Review-g499443-d23546474-Reviews-Dreams_Bahia_Mita_Surf_Spa_Resort-Punta_de_Mita_Pacific_Coast.html
Dreams Cap Cana,https://www.tripadvisor.ca/Hotel_Review-g147293-d32681262-Reviews-Dreams_Cap_Cana_Resort_Spa-Punta_Cana_La_Altagracia_Province_Dominican_Republic.html
Dreams Cozumel Cape Resort and Spa,https://www.tripadvisor.com/Hotel_Review-g150809-d24118495-Reviews-or40-Dreams_Cozumel_Cape_Resort_Spa-Cozumel_Yucatan_Peninsula.html
"Dreams Curaçao Resort, Spa & Casino",https://www.tripadvisor.ca/Hotel_Review-g147278-d19141400-Reviews-Dreams_Curacao_Resort_Spa_Casino-Willemstad_Curacao.html
Dreams Dominicus La Romana,https://www.tripadvisor.com/Hotel_Review-g23594254-d10400968-Reviews-Dreams_Dominicus_La_Romana-Dominicus_Bayahibe_La_Altagracia_Province_Dominican_Repu.html
Dreams Estrella del Mar Mazatlan Golf and Spa Resort,https://www.tripadvisor.ca/Hotel_Review-g150792-d27248493-Reviews-Dreams_Estrella_del_Mar_Mazatlan_Golf_Spa_Resort-Mazatlan_Pacific_Coast.html
Dreams Flora Resort & Spa,https://www.tripadvisor.ca/Hotel_Review-g25226430-d25323278-Reviews-Dreams_Flora_Resort_Spa-Cabeza_De_Toro_Punta_Cana_La_Altagracia_Province_Dominican_.html
Dreams Huatulco,https://www.tripadvisor.com/Hotel_Review-g2535585-d152279-Reviews-Dreams_Huatulco_Resort_Spa-Tangolunda_Huatulco_Southern_Mexico.html?
Dreams Jade Resort and Spa,https://www.tripadvisor.com/Hotel_Review-g240327-d1213971-Reviews-or30-Dreams_Jade_Resort_Spa-Puerto_Morelos_Yucatan_Peninsula.html
Dreams La Romana,https://www.tripadvisor.com/Hotel_Review-g23594254-d10400968-Reviews-Dreams_Dominicus_La_Romana-Dominicus_Bayahibe_La_Altagracia_Province_Dominican_Repu.html?
Dreams Macao Beach Punta Cana,https://www.tripadvisor.com/Hotel_Review-g147293-d19985038-Reviews-Dreams_Macao_Beach_Punta_Cana-Punta_Cana_La_Altagracia_Province_Dominican_Republic.html
Dreams Natura Resort and Spa,https://www.tripadvisor.ca/Hotel_Review-g240327-d17789250-Reviews-Dreams_Natura_Resort_Spa-Puerto_Morelos_Yucatan_Peninsula.html
Dreams Onyx Resort & Spa,https://www.tripadvisor.ca/Hotel_Review-g147293-d10074376-Reviews-Dreams_Onyx_Resort_Spa-Punta_Cana_La_Altagracia_Province_Dominican_Republic.html
Dreams Playa Bonita Panama,https://www.tripadvisor.com/Hotel_Review-g294480-d594688-Reviews-Dreams_Playa_Bonita_Panama-Panama_City_Panama_Province.html
Dreams Puerto Morelos Resort and Spa,https://www.tripadvisor.com/Hotel_Review-g240327-d23439941-Reviews-Dreams_Puerto_Morelos_Resort_Spa-Puerto_Morelos_Yucatan_Peninsula.html
Dreams Riviera Cancun Resort & Spa,https://www.tripadvisor.ca/Hotel_Review-g240327-d1550490-Reviews-Dreams_Riviera_Cancun_Resort_Spa-Puerto_Morelos_Yucatan_Peninsula.html
Dreams Royal Beach Punta Cana,https://www.tripadvisor.com/Hotel_Review-g3176298-d897108-Reviews-Dreams_Royal_Beach_Punta_Cana-Bavaro_Punta_Cana_La_Altagracia_Province_Dominican_Repub.html
Dreams Sands Cancun Resort and Spa,https://www.tripadvisor.com/Hotel_Review-g150807-d671540-Reviews-Dreams_Sands_Cancun_Resort_Spa-Cancun_Yucatan_Peninsula.html
Dreams Sapphire Resort & Spa,https://www.tripadvisor.ca/Hotel_Review-g240327-d248849-Reviews-Dreams_Sapphire_Resort_Spa-Puerto_Morelos_Yucatan_Peninsula.html
Dreams Tulum Resort and Spa,https://www.tripadvisor.com/Hotel_Review-g150813-d591029-Reviews-Dreams_Tulum_Resort_Spa-Tulum_Yucatan_Peninsula.html
Dreams Vallarta Bay Resort & Spa,https://www.tripadvisor.com/Hotel_Review-g150793-d2336351-Reviews-Dreams_Vallarta_Bay_Resort_Spa-Puerto_Vallarta.html
Dreams Vista Cancun Golf & Spa Resort,https://www.tripadvisor.com/Hotel_Review-g150807-d17765597-Reviews-Dreams_Vista_Cancun_Golf_Spa_Resort-Cancun_Yucatan_Peninsula.html
El Cid Castilla Beach,https://www.tripadvisor.com/Hotel_Review-g150792-d219565-Reviews-El_Cid_Castilla_Beach_Hotel-Mazatlan_Pacific_Coast.html
El Cid Granada,https://www.tripadvisor.com/Restaurant_Review-g150792-d7804825-Reviews-El_Cid_Granada-Mazatlan_Pacific_Coast.html
El Cid La Ceiba Beach Resort,https://www.tripadvisor.com/Hotel_Review-g150809-d249889-Reviews-El_Cid_La_Ceiba_Beach_Hotel-Cozumel_Yucatan_Peninsula.html?
El Cid Marina Beach,https://www.tripadvisor.com/Hotel_Review-g150792-d152916-Reviews-El_Cid_Marina_Beach_Hotel-Mazatlan_Pacific_Coast.html
El Cozumeleno Beach Resort,https://www.tripadvisor.com/Hotel_Review-g150809-d153006-Reviews-Hotel_El_Cozumeleno_Beach_Resort-Cozumel_Yucatan_Peninsula.html
El Dorado Seaside Palms,https://www.tripadvisor.com/Hotel_Review-g21410690-d219161-Reviews-El_Dorado_Seaside_Palms-El_Dorado_Solidaridad_Yucatan_Peninsula.html
El Dorado Seaside Suites,https://www.tripadvisor.ca/Hotel_Review-g21410690-d9787632-Reviews-El_Dorado_Seaside_Suites-El_Dorado_Solidaridad_Yucatan_Peninsula.html
Emotions By Hodelpa Juan Dolio,https://www.tripadvisor.com/Hotel_Review-g317145-d8573522-Reviews-Emotions_By_Hodelpa_All_Inclusive_Juan_Dolio-Juan_Dolio_San_Pedro_de_Macoris_Province_.html
Emotions by Hodelpa Puerto Plata,https://www.tripadvisor.com/Hotel_Review-g147290-d12801910-Reviews-Emotions_All_Inclusive_Puerto_Plata-Puerto_Plata_Puerto_Plata_Province_Dominican_Repu.html
Emporio Cancun,https://www.tripadvisor.com/Hotel_Review-g150807-d6001367-Reviews-Emporio_Cancun-Cancun_Yucatan_Peninsula.html
Emporio Ixtapa,https://www.tripadvisor.com/Hotel_Review-g153445-d559701-Reviews-Emporio_Ixtapa-Ixtapa_Zihuatanejo_de_Azueta_Pacific_Coast.html
Eurostars Grand Cayacoa,https://www.tripadvisor.com/Hotel_Review-g811253-d33441844-Reviews-Eurostars_Grand_Cayacoa-Santa_Barbara_de_Samana_Samana_Province_Dominican_Republic.html
Family Club at Grand Bavaro Princess,https://www.tripadvisor.ca/Hotel_Feature-g3176298-d17769124-zft11276-Princess_Family_Club_Bavaro_All_Inclusive.html
Family Club at Grand Riviera Princess,https://www.tripadvisor.ca/Hotel_Review-g150812-d7851484-Reviews-Princess_Family_Club_Riviera-Playa_del_Carmen_Yucatan_Peninsula.html
Fiesta Americana Puerto Vallarta,https://www.tripadvisor.com/Hotel_Review-g150793-d155673-Reviews-Fiesta_Americana_Puerto_Vallarta_All_Inclusive_Spa-Puerto_Vallarta.html
Fiesta Americana Riviera Nayarit Resort and Spa,https://www.tripadvisor.com/Hotel_Review-g150793-d155673-Reviews-Fiesta_Americana_Puerto_Vallarta_All_Inclusive_Spa-Puerto_Vallarta.html
Fiesta Resort All Inclusive,https://www.tripadvisor.com/Hotel_Review-g1010311-d1008544-Reviews-Fiesta_Resort-El_Roble_Puntarenas_Province_of_Puntarenas.html?
Flamingo Cancun Resort,https://www.tripadvisor.com/Hotel_Review-g150807-d154894-Reviews-Flamingo_Cancun_All_Inclusive-Cancun_Yucatan_Peninsula.html
Floris Suite Hotel Spa and Beach Club,https://www.tripadvisor.com/Hotel_Review-g147278-d1536025-Reviews-Dolphin_Suites_Wellness-Willemstad_Curacao.html?
Friendly Fun Vallarta,https://www.tripadvisor.com/Hotel_Review-g150793-d154763-Reviews-Hotel_Friendly_Fun_Puerto_Vallarta-Puerto_Vallarta.html
Fun Holiday Beach Resort,https://www.tripadvisor.com/Hotel_Review-g147313-d274597-Reviews-Fun_Holiday_Beach_Resort-Negril_Westmoreland_Parish_Jamaica.html
GR Solaris Cancun,https://www.tripadvisor.com/Hotel_Review-g150807-d501418-Reviews-GR_Solaris_Cancun-Cancun_Yucatan_Peninsula.html
GR Solaris Caribe Adults Only,https://www.tripadvisor.com/Hotel_Review-g150807-d2034192-Reviews-GR_Solaris_Caribe-Cancun_Yucatan_Peninsula.html
GRAND OASIS PALM,https://www.tripadvisor.com/Hotel_Review-g150807-d566509-Reviews-Grand_Oasis_Palm-Cancun_Yucatan_Peninsula.html
Generations Riviera Maya,https://www.tripadvisor.com/Hotel_Review-g659488-d5527618-Reviews-Generations_Riviera_Maya_Resort-Riviera_Maya_Yucatan_Peninsula.html
Grand Bavaro Princess,https://www.tripadvisor.com/Hotel_Review-g3176298-d149397-Reviews-Grand_Bavaro_Princess-Bavaro_Punta_Cana_La_Altagracia_Province_Dominican_Republic.html
"Grand Decameron Complex, Trademark",https://www.google.com/aclk?sa=L&pf=1&ai=DChsSEwjqyL-6tIWTAxVDXEcBHf6KEUsYACICCAEQAxoCcXU&co=1&ase=2&gclid=CjwKCAiAqprNBhB6EiwAMe3yhhIpqZtgu0BwoJR5qtj91kHr7KQZQs1Spr9fH2RcydPy6xkF51ISeRoCr7kQAvD_BwE&cid=CAASuwHkaOxzJNHfrt6FawftfK-LRIcsFGPxEvi9UOvBTMyGBrB6yZgmPX5e2ijxDspleKyVipEjEQ0GnEZqrURM4BkCFlJqvjBSbd1JoIrYQNzzjX3DMjxYU3gElA_AiRF8RY6OOkvFgP5UbfduXRX0IYjxngbPSmZQSN5oHtiG_XPDbOvdv3F4HBDU1CLn0I8OWLVA4R6wTAFvv28jQdPhzYZbVYKb7JVyEyZR-lqTR8Xs206RB0jc3Ar--uud&cce=2&category=acrcp_v1_32&sig=AOD64_25dsSShFMeewD-gviEmf6mllfBOw&q&nis=4&adurl=https://www.tripadvisor.ca/Hotel_Review-g657267-d264910-Reviews-Grand_Decameron_Complex_Bucerias_A_Trademark_All_Inclusive-Bucerias_Pacific_Coast.html?m%3D13524%26supac%3D4916380134%26supbk%3D0%26supcm%3D21493064144%26supag%3D%26supti%3D%26supai%3D%26supdv%3Dc%26supnt%3Dx%26suplp%3D9104760%26supli%3D%26gad_source%3D1%26gad_campaignid%3D21493067024%26gbraid%3D0AAAAAD_Qp6HkjmVl3f314c1lA1KwxtZ-2%26gclid%3DCjwKCAiAqprNBhB6EiwAMe3yhhIpqZtgu0BwoJR5qtj91kHr7KQZQs1Spr9fH2RcydPy6xkF51ISeRoCr7kQAvD_BwE&ved=2ahUKEwin8Li6tIWTAxWJFFkFHWk_K3EQ0Qx6BAg2EAQ
"Grand Decameron Los Cabos, Trademark",https://www.tripadvisor.ca/Hotel_Review-g152516-d5961003-Reviews-Grand_Decameron_Los_Cabos_A_Trademark_All_Inclusive_Resort-San_Jose_del_Cabo_Los_Cabos.html
Grand Fiesta Americana Los Cabos,https://www.tripadvisor.com/Hotel_Review-g152515-d317460-Reviews-Grand_Fiesta_Americana_Los_Cabos_All_Inclusive_Golf_Spa-Cabo_San_Lucas_Los_Cabos_Baja_C.html
Grand Memories Holguin,https://www.tripadvisor.com/Hotel_Review-g285732-d24134096-Reviews-Grand_Memories_Holguin-Holguin_Holguin_Province_Cuba.html
Grand Memories Santa Maria,https://www.tripadvisor.com/Hotel_Review-g670039-d12134019-Reviews-Grand_Memories_Santa_Maria-Cayo_Santa_Maria_Villa_Clara_Province_Cuba.html
Grand Memories Varadero,https://www.tripadvisor.com/Hotel_Review-g147275-d1469212-Reviews-Grand_Memories_Varadero-Varadero_Matanzas_Province_Cuba.html
Grand Oasis Palm,https://www.tripadvisor.com/Hotel_Review-g150807-d566509-Reviews-Grand_Oasis_Palm-Cancun_Yucatan_Peninsula.html
Grand Oasis Riviera,https://www.tripadvisor.com/Hotel_Review-g150807-d154444-Reviews-Grand_Oasis_Cancun-Cancun_Yucatan_Peninsula.html
Grand Palladium Colonial Resort & Spa,https://www.tripadvisor.com/Hotel_Review-g27717341-d285109-Reviews-Grand_Palladium_Colonial_Resort_Spa_All_Inclusive-Grand_Palladium_Solidaridad_Yucatan.html
Grand Palladium Jamaica Resort & Spa,https://www.tripadvisor.com/Hotel_Review-g793509-d1094847-Reviews-Grand_Palladium_Jamaica_Resort_Spa-Lucea_Hanover_Parish_Jamaica.html
Grand Palladium Kantenah Resort & Spa,https://www.tripadvisor.com/Hotel_Review-g27717341-d295150-Reviews-Grand_Palladium_Kantenah_Resort_Spa-Grand_Palladium_Solidaridad_Yucatan_Peninsula.html
Grand Palladium Lady Hamilton Resort & Spa,https://www.tripadvisor.ca/Hotel_Review-g793509-d1012524-Reviews-Grand_Palladium_Lady_Hamilton_Resort_and_Spa-Lucea_Hanover_Parish_Jamaica.html
Grand Palladium Palace Resort Spa & Casino,https://www.tripadvisor.com/Hotel_Review-g3176298-d283391-Reviews-Grand_Palladium_Palace_Resort_Spa_Casino-Bavaro_Punta_Cana_La_Altagracia_Province_Domi.html
Grand Palladium Punta Cana,https://www.tripadvisor.com/Hotel_Review-g3176298-d292158-Reviews-Grand_Palladium_Punta_Cana_Resort_Spa-Bavaro_Punta_Cana_La_Altagracia_Province_Dominic.html
Grand Palladium Vallarta Resort & Spa,https://www.tripadvisor.com/Hotel_Review-g499443-d218958-Reviews-Grand_Palladium_Vallarta_Resort_Spa-Punta_de_Mita_Pacific_Coast.html
Grand Park Royal Cancun Caribe,https://www.tripadvisor.com/Hotel_Review-g150807-d154413-Reviews-Grand_Park_Royal_Cancun-Cancun_Yucatan_Peninsula.html
Grand Park Royal Cozumel,https://www.tripadvisor.com/Hotel_Review-g150809-d219149-Reviews-Grand_Park_Royal_Cozumel-Cozumel_Yucatan_Peninsula.html
Grand Sirenis Punta Cana Resort,https://www.tripadvisor.com/Hotel_Review-g147293-d266625-Reviews-Grand_Sirenis_Punta_Cana_Resort_Aquagames-Punta_Cana_La_Altagracia_Province_Dominican_R.html
Grand Sunset Princess,https://www.tripadvisor.com/Hotel_Review-g150812-d21310222-Reviews-Hotel_Grand_Sunset_Princess-Playa_del_Carmen_Yucatan_Peninsula.html
HM Alma de Bayahibe,https://www.tripadvisor.com/Hotel_Review-g23594254-d12574646-Reviews-Hm_Alma_De_Bayahibe-Dominicus_Bayahibe_La_Altagracia_Province_Dominican_Republic.html
HOTEL DOS PLAYAS FARANDA,https://www.tripadvisor.com/Hotel_Review-g150807-d1219889-Reviews-Hotel_Dos_Playas_Faranda_Cancun-Cancun_Yucatan_Peninsula.html
Hacienda Buenaventura Hotel & Mexican Charm,https://www.tripadvisor.com/Hotel_Review-g150793-d152381-Reviews-Hacienda_Buenaventura_Hotel_Mexican_Charm_All_Inclusive-Puerto_Vallarta.html
"Hideaway at Royalton Negril, An Autograph Collection All-Inclusive Resort - Adults Only",https://www.tripadvisor.com/Hotel_Review-g147313-d10800140-Reviews-Royalton_Hideaway_Negril_An_Autograph_Collection_All_Inclusive_Resort_Adults_Only-Neg.html
"Hideaway at Royalton St. Lucia, An Autograph Collection All-Inclusive Resort - Adults Only",https://www.tripadvisor.ca/Hotel_Review-g1931394-d10800087-Reviews-Royalton_Hideaway_Saint_Lucia_An_Autograph_Collection_All_Inclusive_Resort_Adults_On.html
Hilton Cancun Mar Caribe,https://www.tripadvisor.com/Hotel_Review-g150807-d186909-Reviews-Hilton_Cancun_Mar_Caribe_All_inclusive_Resort-Cancun_Yucatan_Peninsula.html
Hilton Rose Hall Resort and Spa,https://www.tripadvisor.com/Hotel_Review-g660724-d1200370-Reviews-Dreams_Rose_Hall_Resort_Spa-Rose_Hall_Montego_Bay_Saint_James_Parish_Jamaica.html?
Hodelpa Garden Suites Golf and Convention Center,https://www.tripadvisor.ca/Hotel_Review-g317145-d8029038-Reviews-Hodelpa_Garden_Suites-Juan_Dolio_San_Pedro_de_Macoris_Province_Dominican_Republic.html
Hotel Bella Costa,https://www.tripadvisor.com/Hotel_Review-g147275-d266654-Reviews-Iberostar_Origin_Bella_Costa-Varadero_Matanzas_Province_Cuba.html?
Hotel Los Cactus,https://www.tripadvisor.com/Hotel_Review-g147275-d266656-Reviews-Hotel_Los_Cactus-Varadero_Matanzas_Province_Cuba.html
Hotel Villas Playa Samara,https://www.tripadvisor.com/Hotel_Review-g309247-d301314-Reviews-Hotel_Villas_Playa_Samara_Beach_Front-Playa_Samara_Province_of_Guanacaste.html
Hyatt Zilara Riviera Maya,https://www.tripadvisor.com/Hotel_Review-g150812-d24093475-Reviews-Hyatt_Zilara_Riviera_Maya-Playa_del_Carmen_Yucatan_Peninsula.html
Hyatt Zilara Rose Hall,https://www.tripadvisor.com/Hotel_Review-g660724-d6535703-Reviews-Hyatt_Zilara_Rose_Hall-Rose_Hall_Montego_Bay_Saint_James_Parish_Jamaica.html?
Hyatt Ziva Los Cabos,https://www.tripadvisor.com/Hotel_Review-g152516-d469312-Reviews-Hyatt_Ziva_Los_Cabos-San_Jose_del_Cabo_Los_Cabos_Baja_California.html
Iberostar Grand Hotel Bavaro,https://www.tripadvisor.com/Hotel_Review-g3176298-d1233228-Reviews-JOIA_Bavaro_by_Iberostar-Bavaro_Punta_Cana_La_Altagracia_Province_Dominican_Republic.html?
Iberostar Laguna Azul,https://www.tripadvisor.com/Hotel_Review-g147275-d1520230-Reviews-Iberostar_Origin_Laguna_Azul-Varadero_Matanzas_Province_Cuba.html
Iberostar Selection Cancun,https://www.tripadvisor.com/Hotel_Review-g150807-d152892-Reviews-Iberostar_Selection_Cancun-Cancun_Yucatan_Peninsula.html
Iberostar Selection Coral Bavaro,https://www.tripadvisor.com/Hotel_Review-g3176298-d17840488-Reviews-Iberostar_Selection_Coral_Bavaro-Bavaro_Punta_Cana_La_Altagracia_Province_Dominican_.html
Iberostar Selection Playa Mita,https://www.tripadvisor.com/Hotel_Review-g499443-d4778666-Reviews-Iberostar_Selection_Playa_Mita-Punta_de_Mita_Pacific_Coast.html
Iberostar Selection Rose Hall Suites,https://www.tripadvisor.com/Hotel_Review-g147311-d1205371-Reviews-Iberostar_Selection_Rose_Hall_Suites-Montego_Bay_Saint_James_Parish_Jamaica.html
Iberostar Waves Costa Dorada,https://www.tripadvisor.com/Hotel_Review-g147290-d150815-Reviews-Iberostar_Waves_Costa_Dorada-Puerto_Plata_Puerto_Plata_Province_Dominican_Republic.html
Iberostar Waves Dominicana,https://www.tripadvisor.com/Hotel_Review-g3176298-d150842-Reviews-Iberostar_Waves_Dominicana-Bavaro_Punta_Cana_La_Altagracia_Province_Dominican_Republic.html
Iberostar Waves Paraiso Beach,https://www.tripadvisor.com/Hotel_Review-g663501-d259116-Reviews-Iberostar_Waves_Paraiso_Beach-Playa_Paraiso_Playa_del_Carmen_Yucatan_Peninsula.html
Iberostar Waves Paraiso Del Mar,https://www.tripadvisor.com/Hotel_Review-g663501-d315136-Reviews-Iberostar_Waves_Paraiso_Del_Mar-Playa_Paraiso_Playa_del_Carmen_Yucatan_Peninsula.html
Iberostar Waves Punta Cana,https://www.tripadvisor.com/Hotel_Review-g3176298-d579774-Reviews-Iberostar_Waves_Punta_Cana-Bavaro_Punta_Cana_La_Altagracia_Province_Dominican_Republic.html
Iberostar Waves Rose Hall Beach,https://www.tripadvisor.com/Hotel_Review-g660724-d652636-Reviews-Iberostar_Waves_Rose_Hall_Beach-Rose_Hall_Montego_Bay_Saint_James_Parish_Jamaica.html
Impressive Premium Resorts & Spas Punta Cana,https://www.tripadvisor.com/Hotel_Review-g3176298-d14838260-Reviews-Melia_Punta_Cana_Beach-Bavaro_Punta_Cana_La_Altagracia_Province_Dominican_Republic.html?
Impressive Resorts & Spas Punta Cana,https://www.tripadvisor.com/Hotel_Review-g3176298-d15025732-Reviews-or375-Impressive_Resort_Spa_Punta_Cana-Bavaro_Punta_Cana_La_Altagracia_Province_Domi.html
Island Inn Hotel,https://www.tripadvisor.com/Hotel_Review-g147263-d154116-Reviews-Island_Inn_Hotel-Bridgetown_Saint_Michael_Parish_Barbados.html
JOIA Aruba by Iberostar,https://www.tripadvisor.com/Hotel_Review-g147249-d28018369-Reviews-JOIA_Aruba_By_Iberostar-Palm_Eagle_Beach_Aruba.html
Jewel Grande Montego Bay Resort and Spa,https://www.tripadvisor.com/Hotel_Review-g17454895-d12473683-Reviews-Jewel_Grande_Montego_Bay_Resort_Spa-St_Bran_s_Burg_Saint_James_Parish_Jamaica.html?
Joia Rose Hall by Iberostar,https://www.tripadvisor.com/Hotel_Review-g660724-d1167103-Reviews-JOIA_Rose_Hall_by_Iberostar-Rose_Hall_Montego_Bay_Saint_James_Parish_Jamaica.html
Krystal Cancun,https://www.tripadvisor.com/Hotel_Review-g150807-d154896-Reviews-Hotel_Krystal_Cancun-Cancun_Yucatan_Peninsula.html?
Krystal Grand Cancun,https://www.tripadvisor.com/Hotel_Review-g150807-d155818-Reviews-Krystal_Grand_Cancun_All_Inclusive-Cancun_Yucatan_Peninsula.html
Krystal Grand Los Cabos,https://www.tripadvisor.com/Hotel_Review-g152516-d671697-Reviews-Krystal_Grand_Los_Cabos-San_Jose_del_Cabo_Los_Cabos_Baja_California_Sur_Baja_California.html
Krystal Grand Nuevo Vallarta,https://www.tripadvisor.com/Hotel_Review-g9723540-d12730990-Reviews-Krystal_Grand_Nuevo_Vallarta-Flamingos_Nuevo_Nayarit_Pacific_Coast.html
Krystal Grand Puerto Vallarta,https://www.tripadvisor.com/Hotel_Review-g150793-d24960817-Reviews-Krystal_Grand_Puerto_Vallarta-Puerto_Vallarta.html
Krystal Puerto Vallarta,https://www.tripadvisor.com/Hotel_Review-g150793-d155676-Reviews-Hotel_Krystal_Puerto_Vallarta-Puerto_Vallarta.html?
Las Brisas Huatulco,https://www.tripadvisor.com/Hotel_Review-g150789-d268104-Reviews-Las_Brisas_Huatulco-Huatulco_Southern_Mexico.html
Las Palmas By The Sea,https://www.tripadvisor.com/Hotel_Review-g150793-d154748-Reviews-Las_Palmas_By_The_Sea-Puerto_Vallarta.html
Legends Beach Resort,https://www.tripadvisor.com/Hotel_Review-g147313-d218561-Reviews-Legends_Beach_Hotel-Negril_Westmoreland_Parish_Jamaica.html
Lifestyle Residence Suites,https://www.tripadvisor.com/Hotel_Review-g147290-d310282-Reviews-The_Residence_Suites_Puerto_Plata-Puerto_Plata_Puerto_Plata_Province_Dominican_Republic.html
Lifestyle Tropical Beach Resort and Spa,https://www.tripadvisor.com/Hotel_Review-g147290-d286726-Reviews-Lifestyle_Tropical_Beach_Resort_Spa-Puerto_Plata_Puerto_Plata_Province_Dominican_Republ.html
Live Aqua Beach Resort Punta Cana,https://www.tripadvisor.com/AttractionProductReview-g147293-d20972229-Live_Aqua_Beach_Resort_Punta_Cana_Round_Trip_Shuttle_Punta_Cana_Airport-Punta_Cana.html
Lopesan Costa Bavaro Resort Spa and Casino,https://www.tripadvisor.ca/Hotel_Review-g3176298-d13973616-Reviews-Lopesan_Costa_Bavaro_Resort_Spa_Casino-Bavaro_Punta_Cana_La_Altagracia_Province_Domi.html
Luna Palace Hotel and Suites,https://www.tripadvisor.com/Hotel_Review-g150792-d185370-Reviews-Luna_Palace_Hotel_Suites-Mazatlan_Pacific_Coast.html
Majestic Colonial Punta Cana,https://www.tripadvisor.com/Hotel_Review-g3176298-d578371-Reviews-Majestic_Colonial_Punta_Cana-Bavaro_Punta_Cana_La_Altagracia_Province_Dominican_Republ.html
Majestic Elegance Punta Cana,https://www.tripadvisor.com/Hotel_Review-g3176298-d1068246-Reviews-Majestic_Elegance_Punta_Cana-Bavaro_Punta_Cana_La_Altagracia_Province_Dominican_Repub.html
Margaritaville Beach Resort Playa Flamingo,https://www.tripadvisor.com/Hotel_Review-g309244-d301226-Reviews-Margaritaville_Beach_Resort_Playa_Flamingo-Playa_Flamingo_Province_of_Guanacaste.html
Margaritaville Island Reserve Riviera Cancun,https://www.tripadvisor.ca/Hotel_Review-g240327-d19646887-Reviews-Margaritaville_Island_Reserve_Riviera_Cancun_by_Karisma-Puerto_Morelos_Yucatan_Penins.html
Marina El Cid Spa and Beach Resort,https://www.tripadvisor.ca/Hotel_Review-g240327-d579133-Reviews-Hotel_Marina_El_Cid_Spa_Beach_Resort-Puerto_Morelos_Yucatan_Peninsula.html
Marival Distinct All Suites & World Spa,https://www.tripadvisor.ca/Hotel_Review-g154267-d154855-Reviews-Marival_Distinct_Residences_Spa_Handwritten_Collection_Riviera_Nayarit-Nuevo_Nayarit_Pa.html
Melia Puerto Vallarta,https://www.tripadvisor.com/Hotel_Review-g150793-d155681-Reviews-Melia_Puerto_Vallarta-Puerto_Vallarta.html
Melia Punta Cana Beach Resort,https://www.tripadvisor.com/Hotel_Review-g3176298-d14838260-Reviews-Melia_Punta_Cana_Beach-Bavaro_Punta_Cana_La_Altagracia_Province_Dominican_Republic.html
Meliá Caribe Beach Resort,https://www.tripadvisor.ca/Hotel_Review-g3176298-d14815741-Reviews-Melia_Caribe_Beach_Resort-Bavaro_Punta_Cana_La_Altagracia_Province_Dominican_Republi.html
Meliá Cozumel,https://www.tripadvisor.com/Hotel_Review-g150809-d284334-Reviews-Melia_Cozumel-Cozumel_Yucatan_Peninsula.html
Memories Caribe Beach Resort,https://www.tripadvisor.com/Hotel_Review-g580450-d2416310-Reviews-Memories_Caribe_Beach_Resort-Cayo_Coco_Jardines_del_Rey_Archipelago_Ciego_de_Avila_Pro.html
Memories Flamenco Beach Resort,https://www.tripadvisor.com/Hotel_Review-g580450-d2534610-Reviews-Memories_Flamenco_Beach_Resort-Cayo_Coco_Jardines_del_Rey_Archipelago_Ciego_de_Avila_P.html
Memories Jibacoa,https://www.tripadvisor.com/Hotel_Review-g1172156-d254186-Reviews-Memories_Jibacoa_Resort-Jibacoa_Mayabeque_Province_Cuba.html?
Moon Palace Cancun,https://www.tripadvisor.com/Hotel_Review-g150807-d219163-Reviews-Moon_Palace_Cancun-Cancun_Yucatan_Peninsula.html
Moon Palace Jamaica,https://www.tripadvisor.com/Hotel_Review-g147312-d7134812-Reviews-Moon_Palace_Jamaica-Ocho_Rios_Saint_Ann_Parish_Jamaica.html
Nickelodeon Hotels and Resorts Punta Cana,https://www.tripadvisor.com/Hotel_Review-g3200043-d9762283-Reviews-Nickelodeon_Hotels_Resorts_Punta_Cana-Uvero_Alto_Punta_Cana_La_Altagracia_Province_Do.html
Nyx Hotel Cancun,https://www.tripadvisor.com/Hotel_Review-g150807-d154403-Reviews-Hotel_NYX_Cancun-Cancun_Yucatan_Peninsula.html
Occidental Caribe,https://www.tripadvisor.com/Hotel_Review-g147293-d634363-Reviews-Occidental_Caribe-Punta_Cana_La_Altagracia_Province_Dominican_Republic.html
Occidental Costa Cancun,https://www.tripadvisor.com/Hotel_Review-g150807-d183427-Reviews-Occidental_Costa_Cancun-Cancun_Yucatan_Peninsula.html
Occidental Papagayo,https://www.tripadvisor.com/Hotel_Review-g12551855-d501072-Reviews-Occidental_Papagayo-Panama_Province_of_Guanacaste.html
Occidental Punta Cana,https://www.tripadvisor.com/Hotel_Review-g147293-d634363-Reviews-Occidental_Caribe-Punta_Cana_La_Altagracia_Province_Dominican_Republic.html
Occidental Tamarindo,https://www.tripadvisor.com/Hotel_Review-g8304887-d296478-Reviews-Occidental_Tamarindo-Playa_Langosta_Tamarindo_Province_of_Guanacaste.html
Occidental Tucancun,https://www.tripadvisor.com/Hotel_Review-g150807-d154419-Reviews-Occidental_Tucancun-Cancun_Yucatan_Peninsula.html
Ocean Allure Costa Mujeres,https://www.tripadvisor.com/Hotel_Review-g23328775-d33738859-Reviews-Ocean_Allure_Costa_Mujeres-Costa_Mujeres_Yucatan_Peninsula.html
Ocean Blue & Sand,https://www.tripadvisor.ca/Hotel_Review-g3176298-d584407-Reviews-Ocean_Blue_Sand-Bavaro_Punta_Cana_La_Altagracia_Province_Dominican_Republic.html
Ocean Coral Spring,https://www.tripadvisor.com/Hotel_Review-g1825561-d18031983-Reviews-Ocean_Coral_Spring-Duncans_Trelawny_Parish_Jamaica.html
Ocean Coral and Turquesa,https://www.tripadvisor.com/Hotel_Review-g240327-d1128762-Reviews-Ocean_Coral_Turquesa-Puerto_Morelos_Yucatan_Peninsula.html
Ocean Coral and Turquesa El Beso,https://www.tripadvisor.com/Hotel_Review-g240327-d1128762-Reviews-Ocean_Coral_Turquesa-Puerto_Morelos_Yucatan_Peninsula.html?
Ocean Eden Bay,https://www.tripadvisor.com/Hotel_Review-g3458466-d20355844-Reviews-Ocean_Eden_Bay_Adults_Only-Trelawny_Parish_Jamaica.html
Ocean El Faro,https://www.tripadvisor.com/Hotel_Review-g3200043-d15118805-Reviews-Ocean_El_Faro-Uvero_Alto_Punta_Cana_La_Altagracia_Province_Dominican_Republic.html
Ocean El Faro-el Beso Adults Only,https://www.tripadvisor.com/Hotel_Review-g3200043-d33673486-Reviews-El_Beso_Adults_Only_At_Ocean_El_Faro_All_Inclusive-Uvero_Alto_Punta_Cana_La_Altagrac.html
Ocean Maya Royale,https://www.tripadvisor.com/Hotel_Review-g150812-d258447-Reviews-Ocean_Maya_Royale_Adults_Only-Playa_del_Carmen_Yucatan_Peninsula.html?
Ocean Point Resort and Spa,https://www.tripadvisor.com/Hotel_Review-g147243-d3723540-Reviews-Ocean_Point_Beach_Resort_Spa-St_John_s_Saint_John_Parish_Antigua_Antigua_and_Barbuda.html
Ocean Riviera Paradise,https://www.tripadvisor.com/Hotel_Review-g150812-d10259725-Reviews-Ocean_Riviera_Paradise-Playa_del_Carmen_Yucatan_Peninsula.html
Ocean Riviera Paradise El Beso,https://www.tripadvisor.com/Hotel_Review-g150812-d10259725-Reviews-Ocean_Riviera_Paradise-Playa_del_Carmen_Yucatan_Peninsula.html?
Oceano Palace,https://www.tripadvisor.com/Hotel_Review-g150792-d154597-Reviews-Oceano_Palace_Beach_Hotel-Mazatlan_Pacific_Coast.html
Oleo Cancun Playa,https://www.tripadvisor.com/Hotel_Review-g150807-d154452-Reviews-Oleo_Cancun_Playa-Cancun_Yucatan_Peninsula.html
Pacific Palace,https://www.tripadvisor.com/Hotel_Review-g150792-d9788453-Reviews-Pacific_Palace_Beach_Tower_Hotel-Mazatlan_Pacific_Coast.html
Panama Jack Resorts Cancun,https://www.tripadvisor.ca/ShowUserReviews-g150807-d503456-r726427739-Sunscape_Cancun_Resort_Spa-Cancun_Yucatan_Peninsula.html
Paradisus Cancun,https://www.tripadvisor.com/Hotel_Review-g150807-d282106-Reviews-Paradisus_Cancun-Cancun_Yucatan_Peninsula.html
Paradisus Grand Cana All Suites,https://www.tripadvisor.com/Hotel_Review-g147293-d25026838-Reviews-Paradisus_Grand_Cana_All_Suites-Punta_Cana_La_Altagracia_Province_Dominican_Republic.html
Paradisus La Perla Adults Only Riviera Maya,https://www.tripadvisor.com/Hotel_Review-g150812-d23373079-Reviews-Paradisus_La_Perla_Adults_Only-Playa_del_Carmen_Yucatan_Peninsula.html
Paradisus Los Cabos - Adults Only,https://www.tripadvisor.com/Hotel_Review-g152516-d185358-Reviews-Paradisus_Los_Cabos_Adults_only_The_Leading_Hotels_of_the_World-San_Jose_del_Cabo_Los_C.html
Paradisus Palma Real Golf and Spa Resort,https://www.tripadvisor.ca/Hotel_Review-g3176298-d583034-Reviews-Paradisus_Palma_Real_Golf_Spa_Resort-Bavaro_Punta_Cana_La_Altagracia_Province_Dominica.html
Park Royal Beach Cancun,https://www.tripadvisor.com/Hotel_Review-g150807-d219148-Reviews-Park_Royal_Beach_Cancun-Cancun_Yucatan_Peninsula.html
Park Royal Huatulco,https://www.tripadvisor.com/Hotel_Review-g150789-d154553-Reviews-Park_Royal_Beach_Huatulco-Huatulco_Southern_Mexico.html
Pineapple Beach Club,https://www.tripadvisor.com/Hotel_Review-g1910050-d150657-Reviews-Pineapple_Beach_Club_Antigua-Willikies_Saint_Philip_Parish_Antigua_Antigua_and_Barbuda.html
"Planet Hollywood Adult Scene Cancun by Royalton, An Autograph Collection All Inclusive Resort Adults",https://www.tripadvisor.ca/Hotel_Review-g23328775-d19935893-Reviews-Planet_Hollywood_Cancun_Adult_Scene_by_Royalton_An_Autograph_Collection-Costa_Mujer.html
"Planet Hollywood Cancun by Royalton, An Autograph Collection All Inclusive Resort",https://www.tripadvisor.ca/Hotel_Review-g23328775-d17789352-Reviews-Planet_Hollywood_Cancun_by_Royalton-Costa_Mujeres_Yucatan_Peninsula.html
"Planet Hollywood Costa Rica, An Autograph Collection All-Inclusive Resort",https://www.tripadvisor.ca/Hotel_Review-g15141671-d13978051-Reviews-Planet_Hollywood_Costa_Rica_by_Royalton_An_Autograph_Collection_All_Inclusive_Resor.html
Platinum Yucatan Princess,https://www.tripadvisor.com/Hotel_Review-g150812-d6408185-Reviews-Platinum_Yucatan_Princess_Adults_Only-Playa_del_Carmen_Yucatan_Peninsula.html
Playa Mazatlan Beach Hotel,https://www.tripadvisor.com/Hotel_Review-g150792-d152750-Reviews-Hotel_Playa_Mazatlan-Mazatlan_Pacific_Coast.html
Playabachata,https://www.tripadvisor.com/Hotel_Review-g147290-d150853-Reviews-PlayaBachata_Spa_Resort-Puerto_Plata_Puerto_Plata_Province_Dominican_Republic.html
Plaza Pelicanos Club Beach Resort,https://www.tripadvisor.com/Hotel_Review-g150793-d2343164-Reviews-Plaza_Pelicanos_Club_Beach_Resort-Puerto_Vallarta.html
Plaza Pelicanos Grand Beach Resort,https://www.tripadvisor.com/Hotel_Review-g150793-d155701-Reviews-Plaza_Pelicanos_Grand_Beach_Resort-Puerto_Vallarta.html
Posada Real Los Cabos,https://www.tripadvisor.com/Hotel_Review-g152516-d155697-Reviews-Hotel_Posada_Real-San_Jose_del_Cabo_Los_Cabos_Baja_California.html?
Posada Real Puerto Escondido,https://www.tripadvisor.com/Hotel_Review-g153373-d153568-Reviews-Posada_Real_Puerto_Escondido-Puerto_Escondido_Southern_Mexico.html
Princess Grand Jamaica,https://www.tripadvisor.com/Hotel_Review-g3200052-d26851754-Reviews-Princess_Grand_Jamaica-Green_Island_Hanover_Parish_Jamaica.html
Princess Senses The Mangrove,https://www.tripadvisor.com/Hotel_Review-g3200052-d26785468-Reviews-Princess_Senses_The_Mangrove-Green_Island_Hanover_Parish_Jamaica.html
Pueblo Bonito Emerald Bay Resort and Spa,https://www.tripadvisor.ca/Hotel_Review-g150792-d226267-Reviews-Pueblo_Bonito_Emerald_Bay_Resort_Spa-Mazatlan_Pacific_Coast.html
Pueblo Bonito Pacifica Golf & Spa Resort,https://www.tripadvisor.com/Hotel_Review-g152515-d543023-Reviews-Pueblo_Bonito_Pacifica_Golf_Spa_Resort-Cabo_San_Lucas_Los_Cabos_Baja_California.html
Pueblo Bonito Sunset Beach Resort,https://www.tripadvisor.com/Hotel_Review-g152515-d225501-Reviews-Pueblo_Bonito_Sunset_Beach_Golf_Spa_Resort-Cabo_San_Lucas_Los_Cabos_Baja_California.html
Riu Bambu,https://www.tripadvisor.com/Hotel_Review-g147293-d150849-Reviews-Hotel_Riu_Bambu-Punta_Cana_La_Altagracia_Province_Dominican_Republic.html
Riu Cancun,https://www.tripadvisor.com/Hotel_Review-g150807-d286104-Reviews-Hotel_Riu_Cancun-Cancun_Yucatan_Peninsula.html
Riu Caribe,https://www.tripadvisor.com/Hotel_Review-g150807-d185322-Reviews-Hotel_Riu_Caribe-Cancun_Yucatan_Peninsula.html?
Riu Dunamar,https://www.tripadvisor.com/Hotel_Review-g1229340-d12818673-Reviews-Hotel_Riu_Dunamar-Playa_Mujeres_Costa_Mujeres_Yucatan_Peninsula.html
Riu Emerald Bay,https://www.tripadvisor.com/Hotel_Review-g150792-d1097495-Reviews-Hotel_Riu_Emerald_Bay-Mazatlan_Pacific_Coast.html
Riu Guanacaste,https://www.tripadvisor.com/Hotel_Review-g2561261-d1154805-Reviews-Hotel_Riu_Guanacaste-Sardinal_Gulf_of_Papagayo_Province_of_Guanacaste.html
Riu Jalisco,https://www.tripadvisor.com/Hotel_Review-g154267-d1167895-Reviews-Hotel_Riu_Jalisco-Nuevo_Nayarit_Pacific_Coast.html
Riu Latino,https://www.tripadvisor.com/Hotel_Review-g1229340-d23995980-Reviews-Hotel_Riu_Latino-Playa_Mujeres_Costa_Mujeres_Yucatan_Peninsula.html
Riu Lupita,https://www.tripadvisor.com/Hotel_Review-g150812-d265897-Reviews-Hotel_Riu_Lupita-Playa_del_Carmen_Yucatan_Peninsula.html?
Riu Montego Bay,https://www.tripadvisor.com/Hotel_Review-g147311-d1078147-Reviews-Hotel_Riu_Montego_Bay-Montego_Bay_Saint_James_Parish_Jamaica.html
Riu Negril,https://www.tripadvisor.com/Hotel_Review-g4274353-d478349-Reviews-Hotel_Riu_Negril-Orange_Bay_Hanover_Parish_Jamaica.html
Riu Ocho Rios,https://www.tripadvisor.com/Hotel_Review-g1825624-d578213-Reviews-Hotel_Riu_Ocho_Rios-Mammee_Bay_Saint_Ann_Parish_Jamaica.html
Riu Palace Antillas,https://www.tripadvisor.com/Hotel_Review-g147249-d7059228-Reviews-Hotel_Riu_Palace_Antillas-Palm_Eagle_Beach_Aruba.html
Riu Palace Aquarelle,https://www.tripadvisor.com/Hotel_Review-g26263741-d26663080-Reviews-Riu_Palace_Aquarelle-Florence_Hall_Village_Trelawny_Parish_Jamaica.html
Riu Palace Bavaro,https://www.tripadvisor.com/Hotel_Review-g147293-d2399068-Reviews-Hotel_Riu_Palace_Bavaro-Punta_Cana_La_Altagracia_Province_Dominican_Republic.html
Riu Palace Costa Mujeres,https://www.tripadvisor.com/Hotel_Review-g1229340-d14216187-Reviews-Hotel_Riu_Palace_Costa_Mujeres-Playa_Mujeres_Costa_Mujeres_Yucatan_Peninsula.html
Riu Palace Costa Rica,https://www.tripadvisor.com/Hotel_Review-g2561261-d3608262-Reviews-Hotel_Riu_Palace_Costa_Rica-Sardinal_Gulf_of_Papagayo_Province_of_Guanacaste.html
Riu Palace Jamaica,https://www.tripadvisor.com/Hotel_Review-g147311-d4751032-Reviews-Hotel_Riu_Palace_Jamaica_Adults_Only_All_Inclusive-Montego_Bay_Saint_James_Parish_Jama.html
Riu Palace Kukulkan,https://www.tripadvisor.com/Hotel_Review-g150807-d24119687-Reviews-Hotel_Riu_Palace_Kukulkan-Cancun_Yucatan_Peninsula.html
Riu Palace Las Americas,https://www.tripadvisor.com/Hotel_Review-g150807-d303140-Reviews-Riu_Palace_Las_Americas_All_Inclusive_Adults_Only-Cancun_Yucatan_Peninsula.html
Riu Palace Macao,https://www.tripadvisor.com/Hotel_Review-g147293-d150854-Reviews-Hotel_Riu_Palace_Macao-Punta_Cana_La_Altagracia_Province_Dominican_Republic.html
Riu Palace Mexico,https://www.tripadvisor.com/Hotel_Review-g150812-d219633-Reviews-Hotel_Riu_Palace_Mexico_All_Inclusive-Playa_del_Carmen_Yucatan_Peninsula.html
Riu Palace Peninsula,https://www.tripadvisor.ca/Hotel_Review-g150807-d2464153-Reviews-Hotel_Riu_Palace_Peninsula-Cancun_Yucatan_Peninsula.html
Riu Palace Punta Cana,https://www.tripadvisor.com/Hotel_Review-g147293-d611114-Reviews-Hotel_Riu_Palace_Punta_Cana-Punta_Cana_La_Altagracia_Province_Dominican_Republic.html
Riu Palace Riviera Maya,https://www.tripadvisor.com/Hotel_Review-g150812-d596668-Reviews-Hotel_Riu_Palace_Riviera_Maya-Playa_del_Carmen_Yucatan_Peninsula.html?
Riu Palace Tropical Bay,https://www.tripadvisor.com/Hotel_Review-g4274353-d209701-Reviews-Hotel_Riu_Palace_Tropical_Bay-Orange_Bay_Hanover_Parish_Jamaica.html
Riu Playa Blanca,https://www.tripadvisor.com/Hotel_Review-g2539283-d5971448-Reviews-Hotel_Riu_Playa_Blanca-El_Farallon_del_Chiru_Cocle_Province.html
Riu Playacar,https://www.tripadvisor.com/Hotel_Review-g150812-d219165-Reviews-Hotel_Riu_Playacar-Playa_del_Carmen_Yucatan_Peninsula.html
Riu Reggae,https://www.tripadvisor.com/Hotel_Review-g147311-d10714226-Reviews-Hotel_Riu_Reggae-Montego_Bay_Saint_James_Parish_Jamaica.html
Riu Republica,https://www.tripadvisor.com/Hotel_Review-g147293-d9463219-Reviews-Riu_Republica-Punta_Cana_La_Altagracia_Province_Dominican_Republic.html
Riu Santa Fe,https://www.tripadvisor.com/Hotel_Review-g152515-d672603-Reviews-Hotel_Riu_Santa_Fe-Cabo_San_Lucas_Los_Cabos_Baja_California.html
Riu Tequila,https://www.tripadvisor.com/Hotel_Review-g150812-d219166-Reviews-Hotel_Riu_Tequila-Playa_del_Carmen_Yucatan_Peninsula.html
Riu Vallarta,https://www.tripadvisor.com/Hotel_Review-g9723540-d625275-Reviews-Hotel_Riu_Vallarta-Flamingos_Nuevo_Nayarit_Pacific_Coast.html
Riu Ventura,https://www.tripadvisor.com/Hotel_Review-g150807-d33043839-Reviews-Hotel_Riu_Ventura-Cancun_Yucatan_Peninsula.html
Riu Yucatan,https://www.tripadvisor.com/Hotel_Review-g150812-d154739-Reviews-Hotel_Riu_Yucatan-Playa_del_Carmen_Yucatan_Peninsula.html
Royal Decameron Club Caribbean,https://www.tripadvisor.com/ShowUserReviews-g147317-d259388-r356842924-Grand_Muthu_Runaway_Bay_Club_Caribbean-Runaway_Bay_Saint_Ann_Parish_Jamaica.html
Royal Solaris Cancun,https://www.tripadvisor.com/Hotel_Review-g150807-d154448-Reviews-Royal_Solaris_Cancun-Cancun_Yucatan_Peninsula.html
Royal Solaris Los Cabos,https://www.tripadvisor.com/Hotel_Review-g152516-d248157-Reviews-Royal_Solaris_Los_Cabos-San_Jose_del_Cabo_Los_Cabos_Baja_California.html
"Royalton Antigua, An Autograph Collection All-inclusive Resort",https://www.tripadvisor.com/Hotel_Review-g2705982-d15194188-Reviews-or900-Royalton_Antigua_An_Autograph_Collection-Five_Islands_Village_Saint_John_Paris.html
Royalton Bavaro An Autograph Collection All Inclusive Resort and Casino,https://www.tripadvisor.ca/Hotel_Review-g3176298-d12860904-Reviews-Royalton_Bavaro_An_Autograph_Collection_All_inclusive_Resort_Casino-Bavaro_Punta_Can.html
Royalton Blue Waters,https://www.tripadvisor.com/Hotel_Review-g612473-d10300577-Reviews-Royalton_Blue_Waters_An_Autograph_Collection_All_Inclusive_Resort-Falmouth_Trelawny_P.html?
"Royalton CHIC Antigua, An Autograph Collection All-Inclusive Resort - Adults Only",https://www.tripadvisor.com/Hotel_Review-g15292635-d27477788-Reviews-Royalton_CHIC_Antigua_An_Autograph_Collection_All_Inclusive_Resort_Adults_Only-Ceda.html
Royalton CHIC Cancun An Autograph Collection All Inclusive Resort Adults Only,https://www.tripadvisor.ca/Hotel_Review-g150807-d15580232-Reviews-Royalton_CHIC_Cancun_An_Autograph_Collection_All_Inclusive_Resort_Adults_Only-Cancun_.html
"Royalton CHIC Punta Cana, An Autograph Collection All-Inclusive Resort & Casino - Adults Only",https://www.tripadvisor.ca/Hotel_Review-g3200043-d6958549-Reviews-Royalton_CHIC_Punta_Cana_An_Autograph_Collection_Resort_Casino_Adults_Only-Uvero_Alto.html
"Royalton Grenada, an Autograph Collection All-Inclusive Resort",https://www.tripadvisor.ca/Hotel_Review-g12346190-d19721732-Reviews-Royalton_Grenada_an_Autograph_Collection_All_Inclusive_Resort-Magazine_Beach_Port_S.html
Royalton Hideaway Punta Cana An Autograph Collection All Inclusive Resort and Casino Adults Only,https://www.tripadvisor.ca/Hotel_Review-g3176298-d12613021-Reviews-Royalton_Hideaway_Punta_Cana_An_Autograph_Collection_All_Inclusive_Resort_Casino_Adu.html
"Royalton Hideaway Riviera Cancun, An Autograph Collection All Inclusive Resort Adults Only",https://www.tripadvisor.ca/Hotel_Review-g240327-d7085194-Reviews-Royalton_Hideaway_Riviera_Cancun_An_Autograph_Collection_All_Inclusive_Resort_Casino_A.html
Royalton Negril An Autograph Collection All Inclusive Resort,https://www.tripadvisor.com/Hotel_Review-g147313-d8642860-Reviews-Royalton_Negril_An_Autograph_Collection_All_Inclusive_Resort-Negril_Westmoreland_Paris.html
Royalton Punta Cana An Autograph Collection All Inclusive Resort and Casino,https://www.tripadvisor.ca/Hotel_Review-g147293-d4939796-Reviews-Royalton_Punta_Cana_An_Autograph_Collection_Resort_Casino-Punta_Cana_La_Altagracia_Pro.html
Royalton Riviera Cancun An Autograph Collection All Inclusive Resort and Casino,https://www.tripadvisor.ca/Hotel_Review-g240327-d6958510-Reviews-Royalton_Riviera_Cancun_An_Autograph_Collection_All_Inclusive_Resort_Casino-Puerto_Mor.html
"Royalton Saint Lucia, an Autograph Collection All-Inclusive Resort",https://www.tripadvisor.ca/Hotel_Review-g1931394-d10524706-Reviews-Royalton_Saint_Lucia_An_Autograph_Collection-Cap_Estate_Gros_Islet_Quarter_St_Lucia.html
Royalton Splash Punta Cana An Autograph Collection All Inclusive Resort and Casino,https://www.tripadvisor.ca/Hotel_Review-g3176298-d4543606-Reviews-Royalton_Splash_Punta_Cana_An_Autograph_Collection_Resort_Casino-Bavaro_Punta_Cana_La.html
Royalton Splash Riviera Cancun,https://www.tripadvisor.com/Hotel_Review-g240327-d24076429-Reviews-Royalton_Splash_Riviera_Cancun_An_Autograph_Collection_All_Inclusive_Resort-Puerto_Mo.html
Royalton White Sands Beach Rst and Spa,https://www.tripadvisor.com/ShowUserReviews-g612473-d10300577-r874297571-Royalton_Blue_Waters_Montego_Bay-Falmouth_Trelawny_Parish_Jamaica.html
S HOTEL MONTEGO BAY,https://www.tripadvisor.com/Hotel_Review-g147311-d15327038-Reviews-S_Hotel_Montego_Bay-Montego_Bay_Saint_James_Parish_Jamaica.html
SEADUST CANCUN FAMILY RESORT,https://www.tripadvisor.com/Hotel_Review-g150807-d634235-Reviews-Seadust_Cancun_Family_Resort-Cancun_Yucatan_Peninsula.html
Samba Vallarta Hotel,https://www.tripadvisor.com/Hotel_Review-g9723540-d214251-Reviews-Samba_Vallarta_All_Inclusive-Flamingos_Nuevo_Nayarit_Pacific_Coast.html
Samsara Cliff Resort,https://www.tripadvisor.com/Hotel_Review-g147313-d251584-Reviews-Samsara_Cliffs_Resort-Negril_Westmoreland_Parish_Jamaica.html
Sanctuary at Grand Memories Varadero,https://www.tripadvisor.com/Hotel_Review-g147275-d8549504-Reviews-Sanctuary_At_Grand_Memories_Varadero-Varadero_Matanzas_Province_Cuba.html
Sandals Negril Beach Resort and Spa,https://www.tripadvisor.com/Hotel_Review-g147313-d214225-Reviews-Sandals_Negril-Negril_Westmoreland_Parish_Jamaica.html
Sandos Cancun,https://www.tripadvisor.com/Hotel_Review-g150807-d2554709-Reviews-Sandos_Cancun-Cancun_Yucatan_Peninsula.html
Sandos Caracol Nature Resort and Water Park,https://www.tripadvisor.com/Hotel_Review-g150812-d219156-Reviews-Sandos_Caracol_Eco_Resort-Playa_del_Carmen_Yucatan_Peninsula.html
Sandos Finisterra Los Cabos,https://www.tripadvisor.com/Hotel_Review-g152515-d308090-Reviews-or4110-Sandos_Finisterra-Cabo_San_Lucas_Los_Cabos_Baja_California.html
Santo Domingo Bay Resort and Casino,https://www.tripadvisor.ca/Hotel_Review-g147289-d33973507-Reviews-Santo_Domingo_Bay_Convention_Resort_Casino-Santo_Domingo_Santo_Domingo_Province_Domin.html
Savannah Beach Hotel,https://www.tripadvisor.com/Hotel_Review-g1905484-d147873-Reviews-Savannah_Beach_Club_Hotel-Garrison_Saint_Michael_Parish_Barbados.html?
Seagarden Beach Resort,https://www.tripadvisor.com/Hotel_Review-g147311-d155359-Reviews-SeaGarden_Beach_Resort-Montego_Bay_Saint_James_Parish_Jamaica.html?
Secrets Aura Cozumel,https://www.tripadvisor.com/Hotel_Review-g26491236-d939910-Reviews-Secrets_Aura_Cozumel-Igvanas_Ranas_Cozumel_Yucatan_Peninsula.html
Secrets Cap Cana Resort and Spa,https://www.tripadvisor.com/Hotel_Review-g16884615-d10175054-Reviews-Secrets_Cap_Cana_Resort_Spa-Cap_Cana_Punta_Cana_La_Altagracia_Province_Dominican_Re.html
Secrets Huatulco Rst and Spa,https://www.tripadvisor.com/Hotel_Review-g150789-d2089597-Reviews-Secrets_Huatulco_Resort_Spa-Huatulco_Southern_Mexico.html
Secrets Mirabel Cancun Resort and Spa,https://www.tripadvisor.ca/Hotel_Review-g150807-d155958-Reviews-Secrets_Mirabel_Cancun_Resort_Spa-Cancun_Yucatan_Peninsula.html
Secrets Papagayo Costa Rica,https://www.tripadvisor.com/Hotel_Review-g635535-d301221-Reviews-Secrets_Papagayo_Costa_Rica-Gulf_of_Papagayo_Province_of_Guanacaste.html
Secrets Playa Blanca Costa Mujeres,https://www.tripadvisor.com/Hotel_Review-g23328775-d27148941-Reviews-Secrets_Playa_Blanca_Costa_Mujeres-Costa_Mujeres_Yucatan_Peninsula.html
Secrets Puerto Los Cabos Golf & Spa Resort,https://www.tripadvisor.com/Hotel_Review-g152516-d4569347-Reviews-Secrets_Puerto_Los_Cabos_Golf_Spa_Resort-San_Jose_del_Cabo_Los_Cabos_Baja_California.html
Secrets Tides Punta Cana,https://www.tripadvisor.com/Hotel_Review-g147293-d27103964-Reviews-Secrets_Tides_Punta_Cana-Punta_Cana_La_Altagracia_Province_Dominican_Republic.html
Secrets Tulum Resort and Beach Club,https://www.tripadvisor.com/Hotel_Review-g150813-d26720940-Reviews-Secrets_Tulum_Resort_Beach_Club-Tulum_Yucatan_Peninsula.html
Senator Puerto Plata Hotel,https://www.tripadvisor.com/Hotel_Review-g147290-d265694-Reviews-Senator_Puerto_Plata_Spa_Resort-Puerto_Plata_Puerto_Plata_Province_Dominican_Republic.html
Serenade All Suites Adults Only Resort,https://www.tripadvisor.com/Hotel_Review-g147293-d20412107-Reviews-Serenade_Punta_Cana_Beach_Spa_Resort-Punta_Cana_La_Altagracia_Province_Dominican_Repu.html
Serenade Punta Cana Beach and Spa Resort,https://www.tripadvisor.com/Hotel_Review-g147293-d20412107-Reviews-Serenade_Punta_Cana_Beach_Spa_Resort-Punta_Cana_La_Altagracia_Province_Dominican_Repu.html
Serenity at Coconut Bay,https://www.tripadvisor.com/Hotel_Review-g652398-d12548619-Reviews-Serenity_at_Coconut_Bay-Vieux_Fort_Vieux_Fort_Quarter_St_Lucia.html
Sonesta Ocean Point Resort,https://www.tripadvisor.com/Hotel_Review-g3160017-d7125222-Reviews-Sonesta_Ocean_Point_Resort_St_Maarten-Maho_Sint_Maarten_St_Martin_St_Maarten.html
Star Palace Beach Hotel,https://www.tripadvisor.com/Hotel_Review-g150792-d12205483-Reviews-Star_Palace_Beach_Hotel-Mazatlan_Pacific_Coast.html
Starfish Cuatro Palmas,https://www.tripadvisor.com/Hotel_Review-g147275-d151545-Reviews-Starfish_Cuatro_Palmas-Varadero_Matanzas_Province_Cuba.html
Starfish Jolly Beach Resort,https://www.tripadvisor.ca/Hotel_Review-g1892998-d23148758-Reviews-Jolly_Beach_Antigua-Jolly_Harbour_Saint_Mary_Parish_Antigua_Antigua_and_Barbuda.html
Starfish Varadero,https://www.tripadvisor.com/Hotel_Review-g147275-d275185-Reviews-Starfish_Varadero-Varadero_Matanzas_Province_Cuba.html
Sunscape Coco Punta Cana,https://www.tripadvisor.com/Hotel_Review-g25226430-d26867234-Reviews-Sunscape_Coco_Punta_Cana-Cabeza_De_Toro_Punta_Cana_La_Altagracia_Province_Dominican.html
Sunscape Dominicus La Romana,https://www.tripadvisor.ca/Hotel_Review-g23594254-d27106593-Reviews-Sunscape_Dominicus_La_Romana-Dominicus_Bayahibe_La_Altagracia_Province_Dominican_Re.html
Sunscape Puerto Vallarta Resort & Spa,https://www.tripadvisor.com/Hotel_Review-g150793-d155675-Reviews-Sunscape_Puerto_Vallarta_Resort_Spa-Puerto_Vallarta.html
Sunset Palace Beach Hotel,https://www.tripadvisor.com/Hotel_Review-g150792-d33231665-Reviews-Sunset_Palace_Beach_Hotel-Mazatlan_Pacific_Coast.html
Sunset at the Palms Resort and Spa,https://www.tripadvisor.com/Hotel_Review-g147313-d148748-Reviews-Sunset_At_The_Palms-Negril_Westmoreland_Parish_Jamaica.html
Tesoro Los Cabos,https://www.tripadvisor.com/Hotel_Review-g152515-d153087-Reviews-Tesoro_Los_Cabos-Cabo_San_Lucas_Los_Cabos_Baja_California.html
The Fives Beach Hotel & Residences,https://www.tripadvisor.com/Hotel_Review-g150812-d1141280-Reviews-The_Fives_Beach_Hotel_Residences-Playa_del_Carmen_Yucatan_Peninsula.html
The Fives Oceanfront Puerto Morelos,https://www.tripadvisor.com/Hotel_Review-g240327-d21167816-Reviews-The_Fives_Oceanfront_Puerto_Morelos-Puerto_Morelos_Yucatan_Peninsula.html
The Grand Oasis Cancun,https://www.tripadvisor.com/Hotel_Review-g150807-d154444-Reviews-Grand_Oasis_Cancun-Cancun_Yucatan_Peninsula.html
The Hacienda at Krystal Grand,https://www.tripadvisor.ca/Hotel_Review-g150793-d25110719-Reviews-The_Hacienda_at_Krystal_Grand_Puerto_Vallarta-Puerto_Vallarta.html
The Sens Cancun,https://www.tripadvisor.com/Hotel_Review-g150807-d671741-Reviews-The_Sens_Cancun-Cancun_Yucatan_Peninsula.html
The Sens Riviera,https://www.tripadvisor.com/Hotel_Review-g499445-d26814033-Reviews-The_Sens_Tulum_Riviera-Akumal_Tulum_Yucatan_Peninsula.html?
The Westin Playa Bonita,https://www.tripadvisor.com/Hotel_Review-g294480-d2420667-Reviews-The_Westin_Playa_Bonita_Panama-Panama_City_Panama_Province.html
The Westin Reserva Conchal Golf Resort and Spa,https://www.tripadvisor.ca/Hotel_Review-g1013693-d2095544-Reviews-The_Westin_Reserva_Conchal_an_All_Inclusive_Golf_Resort_Spa-Brasilito_Province_of_Gua.html
Tropical Deluxe Princess,https://www.tripadvisor.com/Hotel_Review-g3176298-d313883-Reviews-Tropical_Deluxe_Princess-Bavaro_Punta_Cana_La_Altagracia_Province_Dominican_Republic.html
VH Gran Ventana Beach Resort,https://www.tripadvisor.com/Hotel_Review-g147290-d150764-Reviews-or5625-VH_Gran_Ventana_Beach_Resort-Puerto_Plata_Puerto_Plata_Province_Dominican_Republ.html
VIK Hotel Arena Blanca,https://www.tripadvisor.com/Hotel_Review-g3176298-d279809-Reviews-VIK_Hotel_Arena_Blanca-Bavaro_Punta_Cana_La_Altagracia_Province_Dominican_Republic.html
Vamar Vallarta All Inclusive Marina and Beach Resort,https://www.tripadvisor.com/Hotel_Review-g150793-d154755-Reviews-Vamar_Vallarta_All_Inclusive_Marina_and_Beach_Resort-Puerto_Vallarta.html
Ventus Ha at Marina El Cid Spa & Beach Resort,https://www.tripadvisor.com/Hotel_Review-g240327-d23688770-Reviews-Ventus_Ha_at_Marina_El_Cid_Spa_Beach_Resort-Puerto_Morelos_Yucatan_Peninsula.html
Ventus at Marina El Cid Spa and Beach Resort,https://www.tripadvisor.ca/Hotel_Review-g240327-d13074109-Reviews-Ventus_At_Marina_El_Cid_Spa_Beach_Resort-Puerto_Morelos_Yucatan_Peninsula.html
Vik Hotel Cayena Beach,https://www.tripadvisor.com/Hotel_Review-g3176298-d1533216-Reviews-VIK_Hotel_Cayena_Beach-Bavaro_Punta_Cana_La_Altagracia_Province_Dominican_Republic.html
Villa Premiere Hotel & Romantic Getaway,https://www.tripadvisor.com/Hotel_Review-g150793-d254471-Reviews-Villa_Premiere_Boutique_Hotel_Romantic_Getaway-Puerto_Vallarta.html
Villas HM Paraíso del Mar,https://www.tripadvisor.com/Hotel_Review-g616319-d567242-Reviews-Villas_HM_Paraiso_del_Mar-Holbox_Island_Yucatan_Peninsula.html?
Vista Sol Punta Cana,https://www.tripadvisor.com/Hotel_Review-g3176298-d218483-Reviews-Vista_Sol_Punta_Cana_Beach_Resort_Spa-Bavaro_Punta_Cana_La_Altagracia_Province_Dominic.html
Viva Azteca by Wyndham,https://www.tripadvisor.com/Hotel_Review-g15785999-d185331-Reviews-Viva_Azteca_by_Wyndham_A_Trademark_All_Inclusive_Resort-Playacar_Playa_del_Carmen_Yuc.html
Viva Dominicus Beach by Wyndham,https://www.tripadvisor.com/Hotel_Review-g147292-d149454-Reviews-Viva_Dominicus_Beach_By_Wyndham_A_Trademark_All_Inclusive_Resort-La_Romana_La_Romana_Pr.html
Viva Dominicus Palace by Wyndham,https://www.tripadvisor.com/Hotel_Review-g23594254-d26637291-Reviews-Viva_Dominicus_Palace_by_Wyndham_A_Trademark_All_Inclusive-Dominicus_Bayahibe_La_Al.html
Viva Heavens by Wyndham,https://www.tripadvisor.com/Hotel_Review-g147290-d8779909-Reviews-Viva_Heavens_by_Wyndham-Puerto_Plata_Puerto_Plata_Province_Dominican_Republic.html
Viva Maya by Wyndham,https://www.tripadvisor.com/Hotel_Review-g15785999-d185330-Reviews-Viva_Maya_by_Wyndham_A_Trademark_All_Inclusive_Resort-Playacar_Playa_del_Carmen_Yucat.html
Viva Miches by Wyndham,https://www.tripadvisor.com/Hotel_Review-g2441050-d28623629-Reviews-Viva_Miches_By_Wyndham_A_Trademark_All_Inclusive_Resort-Miches_El_Seibo_Province_Dom.html
Viva Tangerine by Wyndham,https://www.tripadvisor.com/Hotel_Review-g317144-d291623-Reviews-Viva_Tangerine_By_Wyndham-Cabarete_Puerto_Plata_Province_Dominican_Republic.html
WYNDHAM ALLTRA PUNTA CANA,https://www.tripadvisor.com/Hotel_Review-g147293-d25219833-Reviews-Wyndham_Alltra_Punta_Cana-Punta_Cana_La_Altagracia_Province_Dominican_Republic.html
Warwick Paradise Island Resort,https://www.tripadvisor.com/Hotel_Review-g147417-d151524-Reviews-Warwick_Paradise_Island_Bahamas-Paradise_Island_New_Providence_Island_Bahamas.html?
Whala Bavaro,https://www.tripadvisor.com/Hotel_Review-g3176298-d325042-Reviews-Whala_bavaro-Bavaro_Punta_Cana_La_Altagracia_Province_Dominican_Republic.html
Whala Bocachica,https://www.tripadvisor.com/Hotel_Review-g967189-d149450-Reviews-Whala_Bocachica-Boca_Chica_Santo_Domingo_Province_Dominican_Republic.html
Windjammer Landing Resort and Residences,https://www.tripadvisor.com/Hotel_Review-g147343-d149215-Reviews-or20-Windjammer_Landing_Resort_Residences-Castries_Castries_Quarter_St_Lucia.html
ZEL Punta Cana,https://www.tripadvisor.com/Hotel_Review-g3176298-d1717417-Reviews-Zel_Punta_Cana-Bavaro_Punta_Cana_La_Altagracia_Province_Dominican_Republic.html
Zoetry Marigot Bay Resort and Marina,https://www.tripadvisor.com/Hotel_Review-g671541-d549924-Reviews-Zoetry_Marigot_Bay_St_Lucia-Marigot_Bay_Castries_Quarter_St_Lucia.html
